date,hour,PS5_title,PS5_price,PS5_price_value,PS5_bids,PS5DE_title,PS5DE_price,PS5DE_price_value,PS5DE_bids,Switch_title,Switch_price,Switch_price_value,Switch_bids,XboxSX_title,XboxSX_price,XboxSX_price_value,XboxSX_bids,XboxSS_title,XboxSS_price,XboxSS_price_value,XboxSS_bids
2021年08月09日,09時,ソニー PS5 ブルーレイエディション コンソール-ホワイト バンドル 2 コントローラ チャージデッキゲーム,"82,745 円",82745,1,新品ソニープレイステーション 5 （ PS 5 ） - デジタルエディション-手持ちで発送準備完了,"71,712 円",71712,27,Nintendo Switch HAC-001 (-01) アニマルクロッシング ： 新品Horizon Special Edition - 32GB,"28,133 円",28133,19,Microsoft Xbox Series X 1TB Video Game Console - Black. Disc Version ,"59,660 円",59660,44,Microsoft Xbox Series Sコンソール ケーブルとオリジナルボックス付き,"25,375 円",25375,1
2021年08月09日,09時,ソニー PS5 ブルーレイエディション コンソール-ホワイト バンドル 2 コントローラ チャージデッキゲーム,"82,745 円",82745,1,新品ソニープレイステーション 5 （ PS 5 ） - デジタルエディション-手持ちで発送準備完了,"76,677 円",76677,29,Nintendo Switch HAC-001 (-01) アニマルクロッシング ： 新品Horizon Special Edition - 32GB,"28,133 円",28133,19,Microsoft Xbox Series X 1TB Video Game Console - Black. Disc Version ,"59,660 円",59660,44,Microsoft Xbox Series Sコンソール ケーブルとオリジナルボックス付き,"25,375 円",25375,1
2021年08月10日,14時,PS5 Sony PlayStation 5 コンソールディスクバージョン新品同日発送,"82,745 円",82745,27,Sony PS5 Digital Edition Console - White,"77,889 円",77889,28,Nintendo Animal Crossing Switch Console with Game(Japan version)(No Joycons),"36,510 円",36510,1,Microsoft Xbox Series X 1TB Video Game Console - Black,"73,427 円",73427,24,Microsoft Xbox Series Sコンソール ケーブルとオリジナルボックス付き,"25,375 円",25375,1
2021年08月10日,15時,PS5 Sony PlayStation 5 コンソールディスクバージョン新品同日発送,"82,745 円",82745,27,Sony PS5 Disc Edition,"101,418 円",101418,24,Nintendo Animal Crossing Switch Console with Game(Japan version)(No Joycons),"36,510 円",36510,1,Microsoft Xbox Series X 1TB Video Game Console - Black,"73,427 円",73427,24,Microsoft Xbox Series Sコンソール ケーブルとオリジナルボックス付き,"25,375 円",25375,1
2021年08月10日,16時,Sony PS5 Disc Edition,"101,102 円",101102,24,Sony PS5 Disc Edition,"101,102 円",101102,24,Nintendo Animal Crossing Switch Console with Game(Japan version)(No Joycons),"36,397 円",36397,1,Microsoft Xbox Series X 1TB Video Game Console - Black,"73,310 円",73310,24,Microsoft Xbox Series S 512GB ビデオゲームコンソール-ホワイト,"33,087 円",33087,1
2021年08月10日,17時,PlayStation 5 Disc Edition Console PS5  ✅ BRAND NEW ✅ - NEXT DAY DELIVERY 🚚,"73,310 円",73310,22,Playstation 5 Disc Edition Console BRAND NEW SEALED,"76,365 円",76365,14,Nintendo Animal Crossing Switch Console with Game(Japan version)(No Joycons),"36,397 円",36397,1,Microsoft Xbox Series X 1TB Video Game Console - Black,"73,310 円",73310,24,Microsoft Xbox Series S 512GB ビデオゲームコンソール-ホワイト,"33,087 円",33087,1
2021年08月10日,18時,PlayStation 5 Disc Edition Console PS5  ✅ BRAND NEW ✅ - NEXT DAY DELIVERY 🚚,"73,310 円",73310,22,PS5 White console digital Uk,"64,146 円",64146,8,Nintendo Switch ブルーとレッドのジョイコンコントローラーとマリオカート 8 バンドル -,"35,293 円",35293,4,Microsoft Xbox Series X 1TB Video Game Console - Black,"77,892 円",77892,25,Microsoft Xbox Series S 512GB ビデオゲームコンソール-ホワイト,"33,087 円",33087,1
2021年08月10日,19時,PlayStation 5 Disc Edition Console PS5  ✅ BRAND NEW ✅ - NEXT DAY DELIVERY 🚚,"73,310 円",73310,22,Sony PS5 Digital Edition Console PlayStation 5 - Brand New - UK version,"61,092 円",61092,1,Nintendo Switch ブルーとレッドのジョイコンコントローラーとマリオカート 8 バンドル -,"35,293 円",35293,4,Microsoft Xbox Series X 1TB Video Game Console - Black,"77,892 円",77892,25,Microsoft Xbox Series S 512GB ビデオゲームコンソール-ホワイト,"33,087 円",33087,1
2021年08月10日,20時,Sony PS5 Blu-Ray Edition Console - White,"80,800 円",80800,22,Playstation 5 console,"64,146 円",64146,25,Nintendo Switch V2 (32GB 、 優れたコンディション) 、 ビキニボトムゲーム用バトル,"22,334 円",22334,7,Microsoft Xbox Series X 1TB Video Game Console - Black,"77,892 円",77892,25,Microsoft Xbox Series S 512GB ビデオゲームコンソール-ホワイト,"33,087 円",33087,1
2021年08月10日,21時,新品 ソニー PlayStation 5 コンソールディスクバージョン - 🔥 迅速発送 🔥,"79,409 円",79409,12,新しいソニー PlayStation 5 デジタルエディションコンソールと追加のデュアルセンスコントローラー,"72,791 円",72791,9,Nintendo Switch V2 (32GB 、 優れたコンディション) 、 ビキニボトムゲーム用バトル,"23,544 円",23544,8,Microsoft Xbox Series X 1TB Video Game Console - Black,"77,892 円",77892,25,Microsoft Xbox Series S 512GB ビデオゲームコンソール-ホワイト,"33,087 円",33087,1
2021年08月10日,22時,ソニー PS5 ブルーレイエディション コンソール-ホワイト,"74,617 円",74617,10,新しいソニー PlayStation 5 デジタルエディションコンソールと追加のデュアルセンスコントローラー,"73,894 円",73894,10,Nintendo Switch 32GB ネオンレッド/ネオンブルー + 2 ゲームとトラベルケース ！,"28,124 円",28124,21,Microsoft Xbox Series X 1TB Video Game Console - Black ✅✅✅,"84,001 円",84001,4,Microsoft Xbox Series S 512GB ビデオゲームコンソール-ホワイト,"33,087 円",33087,1
2021年08月10日,23時,Sony PS5 Blu-Ray Disc Edition Console - White,"76,365 円",76365,5,新しいソニー PlayStation 5 デジタルエディションコンソールと追加のデュアルセンスコントローラー,"73,894 円",73894,10,Nintendo Switch 32GB ネオンレッド/ネオンブルー + 2 ゲームとトラベルケース ！,"30,437 円",30437,24,Microsoft Xbox Series X 1TB Video Game Console - Black ✅✅✅,"84,001 円",84001,4,Microsoft Xbox Series S 512GB ビデオゲームコンソール-ホワイト,"33,087 円",33087,1
2021年08月11日,00時,Sony Playstation PS5 Disc Edition Console - Brand New - Premium Fast Delivery ✅,"77,892 円",77892,29,ソニー PS5 デジタルエディション コンソール-ホワイト,"69,483 円",69483,5,Nintendo Switch Grey Console,"24,437 円",24437,3,Microsoft Xbox Series X 1TB Video Game Console - Black ✅✅✅,"84,001 円",84001,4,Microsoft Xbox Series S 512GB ビデオゲームコンソール-ホワイト,"33,087 円",33087,1
2021年08月11日,01時,Sony PS5 Disc Console - 2yr WARRANTY JOHN LEWIS + FAST DELIVERY 🚚💨,"71,783 円",71783,3,ソニー新品 ！ PLAYSTATION 5 PS 5 ディスクコンソール MARVEL's AVENGERS. 同日発送,"80,512 円",80512,12,Nintendo Switch 32GB ネオンレッド/ネオンブルーコンソール,"28,234 円",28234,23,Microsoft Xbox Series X 1TB Video Game Console - Black ✅✅✅,"91,638 円",91638,5,Microsoft Xbox Series Sコンソール ケーブルとオリジナルボックス付き,"25,367 円",25367,1
2021年08月11日,02時,Sony Playstation 5 PS5 Blu-Ray Edition Console - White,"77,281 円",77281,32,ソニー PS5 デジタル版コンソール 「 バンドル 」 ホワイト 「 新品未開封箱 」,"71,689 円",71689,6,Nintendo Switch Super Smash Bros Ultimate Edition Controller and games bundle,"38,182 円",38182,3,"Xbox Series X 1TB, 2 Controllers, Controller Docking/ Charging Station (UK)","76,365 円",76365,1,Microsoft Xbox Series Sコンソール ケーブルとオ���ジナルボックス付き,"25,367 円",25367,1
2021年08月11日,03時,Sony PS5 Blu-Ray Edition Console - White,"74,838 円",74838,3,ソニー PS5 デジタル版コンソール-ホワイト-工場密封,"70,696 円",70696,8,Unpatched Nintendo Switch Console,"25,506 円",25506,26,"Xbox Series X 1TB, 2 Controllers, Controller Docking/ Charging Station (UK)","85,529 円",85529,2,Microsoft Xbox Series Sコンソール ケーブルとオリジナルボックス付き,"25,367 円",25367,1
2021年08月11日,04時,Sony PS5 Disc Edition Console PlayStation 5 - Brand New - UK version,"76,533 円",76533,6,ソニー PS5 ディスクバージョン,"74,997 円",74997,12,Nintendo Switch アニマルクロッシング ： 新品Horizon Special Edition - 32 GB （ 新品 ！ ）,"27,297 円",27297,11,"Xbox Series X 1TB, 2 Controllers, Controller Docking/ Charging Station (UK)","85,529 円",85529,2,Microsoft Xbox Series Sコンソール ケーブルとオリジナルボックス付き,"25,367 円",25367,1
2021年08月11日,05時,ソニー新品 ！ PLAYSTATION 5 PS 5 ディスクコンソール MARVEL's AVENGERS. 同日発送,"81,615 円",81615,19,ソニー新品 ！ PLAYSTATION 5 PS 5 ディスクコンソール MARVEL's AVENGERS. 同日発送,"81,615 円",81615,19,Nintendo Switch V2 32GB ネオンレッド/ネオンブルーコンソール新品 箱入り 未使用,"25,642 円",25642,17,"Xbox Series X 1TB, 2 Controllers, Controller Docking/ Charging Station (UK)","85,529 円",85529,2,Microsoft Xbox Series Sコンソール ケーブルとオリジナルボックス付き,"25,367 円",25367,1
2021年08月11日,06時,ソニー PS5 ブルーレイエディション コンソール-ホワイト,"78,306 円",78306,23,ソニー PS5 デジタルエディション コンソール-ホワイト,"70,586 円",70586,10,Nintendo Switch 32 GBグレーコンソール 4 ジョーイコントローラー 、 充電器 、 ゲームマリオ,"30,329 円",30329,5,Microsoft Xbox Series X 1TB Video Game Console - Black,"87,056 円",87056,10,Microsoft Xbox Series Sコンソール ケーブルとオリジナルボックス付き,"25,367 円",25367,1
2021年08月11日,07時,ソニー PS5 ブルーレイエディション コンソール-ホワイト,"78,306 円",78306,2,Sony PlayStation PS5 Digital Edition Console 🔥 Fast Delivery ✅,"68,728 円",68728,32,Nintendo Switch 32 GBグレーコンソール 4 ジョーイコントローラー 、 充電器 、 ゲームマリオ,"30,329 円",30329,5,Microsoft Xbox Series X 1TB Video Game Console - Black,"87,056 円",87056,10,Microsoft Xbox Series Sコンソール ケーブルとオリジナルボックス付き,"25,367 円",25367,1
2021年08月11日,08時,PS5 Sony PlayStation 5 コンソールディスクバージョン新品同日発送,"84,923 円",84923,29,ソニー PS5 デジタルエディション コンソール-ホワイト,"58,895 円",58895,12,Nintendo Switchシステムとゲームズマリオソニック Skyrim Luigi,"22,113 円",22113,33,Microsoft Xbox Series X 1TB Video Game Console - Black,"87,056 円",87056,10,Microsoft Xbox Series Sコンソール ケーブルとオリジナルボックス付き,"25,367 円",25367,1
2021年08月11日,09時,ソニー PS5 ブルーレイエディション コンソール-ホワイト,"73,894 円",73894,14,ソニー PS5 デジタルエディションコンソール 、 新品-未開封ボックス-ホワイト,"70,586 円",70586,17,GUC NINTENDO スイッチ コンソール HAC-001 + グレー ジョイ コン + ドック + グリップ + 32GB MicroSD,"27,574 円",27574,34,Microsoft Xbox Series X 1TB Video Game Console - Black,"87,056 円",87056,10,Microsoft Xbox Series Sコンソール ケーブルとオリジナルボックス付き,"25,367 円",25367,1
2021年08月11日,10時,ソニー PS5 ブルーレイエディション コンソール-ホワイト,"70,365 円",70365,9,ソニー PS5 PlayStation 5 デジタルエディションコンソール - 🚚 💨 同日発送,"70,586 円",70586,6,Nintendo Switch 32 GBグレーコンソール ネオンレッドとネオンブルージョイコン,"23,161 円",23161,19,Microsoft Xbox Series X 1TB Video Game Console - Black,"87,056 円",87056,10,Microsoft Xbox Series Sコンソール ケーブルとオリジナルボックス付き,"25,367 円",25367,1
2021年08月11日,11時,ソニー PS5 ブルーレイエディション コンソール-ホワイト,"77,313 円",77313,7,ソニー PS5 PlayStation 5 デジタルエディションコンソール - 🚚 💨 同日発送,"74,997 円",74997,9,Nintendo Switch 32GB コンソール グレーJoy-Con付き,"27,517 円",27517,18,Microsoft Xbox Series X 1TB Video Game Console - Black,"87,056 円",87056,10,Microsoft Xbox Series Sコンソール ケーブルとオリジナルボックス付き,"25,367 円",25367,1
2021年08月11日,12時,PlayStation 5 コンソールディスクバージョンFedex 夜間配送,"90,548 円",90548,15,Sony PlayStation 5 Console New Sealed ,"76,212 円",76212,4,Nintendo Switch 32GB コンソール グレーJoy-Con付き,"27,517 円",27517,18,Microsoft Xbox Series X 1TB Video Game Console - Black,"87,056 円",87056,10,Microsoft Xbox Series Sコンソール ケーブルとオリジナルボックス付き,"25,367 円",25367,1
2021年08月11日,13時,Sony PS5 Blu-Ray Edition Console - White,"76,365 円",76365,24,Sony PlayStation 5 Console New Sealed ,"76,212 円",76212,4,Nintendo Switch Grey Console (Improved Battery),"24,437 円",24437,7,Microsoft Xbox Series X 1TB Video Game Console - Black,"87,056 円",87056,10,Microsoft Xbox Series Sコンソール ケーブルとオリジナルボックス付き,"25,367 円",25367,1
2021年08月11日,14時,ソニー PlayStation 5 ディスクコンソール 新品即出荷,"77,754 円",77754,9,Playstation 5 Digital Edition Console,"78,455 円",78455,11,Nintendo Switch Grey Console (Improved Battery),"24,437 円",24437,7,Microsoft Xbox Series X 1TB Video Game Console - Black,"87,056 円",87056,10,Microsoft Xbox Series Sコンソール ケーブルとオリジナルボックス付き,"25,367 円",25367,1
2021年08月11日,15時,Sony PS5 Blu-Ray Edition Console - White UNOPENED BOX !!FAST DELIVERY!!,"79,419 円",79419,7,Playstation 5 Digital Edition Console,"78,455 円",78455,11,Nintendo Switch Grey Console (Improved Battery),"24,437 円",24437,7,Microsoft Xbox Series X 1TB Video Game Console - Black,"87,056 円",87056,10,Microsoft Xbox Series Sコンソール ケーブルとオリジナルボックス付き,"25,367 円",25367,1
2021年08月11日,16時,Sony PS5 Blu-Ray Edition Console - White UNOPENED BOX !!FAST DELIVERY!!,"79,601 円",79601,7,Playstation 5 Digital Edition Console,"78,755 円",78755,11,Nintendo Switch Grey Console (Improved Battery),"24,493 円",24493,7,Microsoft Xbox Series X 1TB Video Game Console - Black,"79,601 円",79601,6,Microsoft Xbox Series Sコンソール ケーブルとオリジナルボックス付き,"25,426 円",25426,1
2021年08月11日,17時,Sony PS5 Blu-Ray Edition Console - White UNOPENED BOX !!FAST DELIVERY!!,"79,601 円",79601,7,Playstation 5 Digital Edition Console,"78,755 円",78755,11,Nintendo Switch Grey Console (Improved Battery),"26,023 円",26023,8,Microsoft Xbox Series X 1TB Video Game Console - Black,"79,601 円",79601,6,Microsoft Xbox Series Sコンソール ケーブルとオリジナルボックス付き,"25,426 円",25426,1
2021年08月11日,18時,Sony PS5 Blu-Ray Edition Console - White with 2 controller and PlayStation Plus,"78,070 円",78070,29,Playstation 5 Digital Edition Console,"78,755 円",78755,11,Nintendo Switch Grey Console (Improved Battery),"27,554 円",27554,10,Microsoft Xbox Series X 1TB Video Game Console - Black,"79,601 円",79601,6,Microsoft Xbox Series Sコンソール ケーブルとオリジナルボックス付き,"25,426 円",25426,1
2021年08月11日,19時,Sony PS5 Blu-Ray Edition Console - White,"75,009 円",75009,15,sony playstation 5 ps5 digital edition console - Quick Sale,"64,140 円",64140,34,Nintendo Switch Console Excellent condition,"28,320 円",28320,24,Microsoft Xbox Series X 1TB Video Game Console - Black,"79,601 円",79601,6,Microsoft Xbox Series Sコンソール ケーブルとオリジナルボックス付き,"25,426 円",25426,1
2021年08月11日,20時,Sony PS5 Playstation 5 Disc Based Console Plus Extra Dualsense Controller,"91,339 円",91339,11,PS 5 手動-新品Playstation 5 デジタル版ホワイトコンソールシステム最新,"68,539 円",68539,3,Nintendo Switch Console Excellent condition,"30,157 円",30157,26,Microsoft Xbox Series X 1TB Video Game Console - Black,"79,601 円",79601,6,Microsoft Xbox Series Sコンソール ケーブルとオリジナルボックス付き,"25,426 円",25426,1
2021年08月11日,21時,Sony PS5 Disc Edition Console & Extra Controller **BNIB Sealed**,"78,070 円",78070,5,PS 5 手動-新品Playstation 5 デジタル版ホワイトコンソールシステム最新,"68,539 円",68539,3,Nintendo Switch 32GB ネオンレッド/ネオンブルーコンソール （ ！ 説明を読む ！ ）,"22,386 円",22386,2,Microsoft Xbox Series X 1TB ビデオゲームコンソールバンドル,"73,513 円",73513,6,Microsoft Xbox Series Sコンソール ケーブルとオリジナルボックス付き,"25,426 円",25426,1
2021年08月11日,22時,Sony PS5 Disc Edition Console - White,"73,478 円",73478,12,PS 5 手動-新品Playstation 5 デジタル版ホワイトコンソールシステム最新,"68,539 円",68539,3,Nintendo Switch Grey Console (Improved Battery),"25,258 円",25258,1,Microsoft Xbox Series X 1TB ビデオゲームコンソールバンドル,"73,513 円",73513,6,"Microsoft Xbox Series S Console, Includes cables and original box","25,426 円",25426,1
2021年08月11日,23時,Sony PS5 Blu-Ray Edition Console - White,"68,885 円",68885,5,ソニー PS5 デジタルエディションコンソール-ホワイト-新品未開封ボックス-ゲームストップ購入,"68,539 円",68539,8,Nintendo Switch HAC-001 （ -01 ） グレー Joy-Con付き 32 GBコンソール,"22,938 円",22938,4,Microsoft Xbox Series X 1TB ビデオゲームコンソールバンドル,"79,040 円",79040,9,Microsoft Xbox Series Sコンソール ケーブルとオリジナルボックス付き,"25,426 円",25426,1
2021年08月12日,00時,Sony PS5 Blu-Ray Edition Disc Console - Brand New & Fast Delivery - 100% Genuine,"71,947 円",71947,24,ソニー PS5 ブルーレイエディション コンソール-ホワイト,"77,382 円",77382,4,Nintendo Switch HAC-001 （ -01 ） グレー Joy-Con付き 32 GBコンソール,"22,938 円",22938,4,Microsoft Xbox Series X 1TB Video Game Console - Black ✅✅✅,"82,663 円",82663,28,Microsoft Xbox Series Sコンソール ケーブルとオリジナルボックス付き,"25,426 円",25426,1
2021年08月12日,01時,ソニー PS5 ブルーレイエディション コンソール-ホワイト,"78,488 円",78488,15,ソニー PS5 ブルーレイエディション コンソール-ホワイト,"77,382 円",77382,4,Nintendo Switch 32 GBグレーコンソール ネオンレッドとネオンブルージョイコン,"25,205 円",25205,37,Microsoft Xbox Series X 1TB Video Game Console - Black ✅✅✅,"82,663 円",82663,28,Microsoft Xbox Series Sコンソール ケーブルとオリジナルボックス付き,"25,426 円",25426,1
2021年08月12日,02時,ソニー PS5 ブルーレイエディション コンソール-ホワイト,"79,040 円",79040,23,ソニー PS5 ブルーレイエディション コンソール-ホワイト,"77,382 円",77382,4,Nintendo Switch 32 GB Neon Blue and Red Console,"32,147 円",32147,3,Microsoft Xbox Series X 1TB Video Game Console - Black ✅✅✅,"82,663 円",82663,28,Microsoft Xbox Series Sコンソール ケーブルとオリジナルボックス付き,"25,426 円",25426,1
2021年08月12日,03時,ソニー PS5 ブルーレイエディション コンソール-ホワイト,"78,488 円",78488,11,新品 プレイステーション 5 PS5 ディスクコンソール ラチェット ＆ クランクGM付き 同日発送 ！,"81,804 円",81804,28,(RI4) Nintendo Switch HAC-001 アニマルクロッシングニューホライズンスペシャルエディション - 32GB,"20,783 円",20783,3,Microsoft Xbox Series X 1TB Video Game Console - Black ✅✅✅,"84,193 円",84193,29,Microsoft Xbox Series Sコンソール ケーブルとオリジナルボックス付き,"25,426 円",25426,1
2021年08月12日,04時,Playstation 5 Disc Edition + Extra Dual Sense Controller + Pulse 3D Headset,"84,193 円",84193,1,🔥 ソニープレイステーションPS 5 🔥 デジタル版新品 🔥 手早く発送,"75,171 円",75171,22,Nintendo Switch Grey Console (Improved Battery),"25,258 円",25258,4,Microsoft Xbox Series X 1TB ビデオゲームコンソール-ブラック,"79,593 円",79593,22,Microsoft Xbox Series Sコンソール ケーブルとオリジナルボックス付き,"25,426 円",25426,1
2021年08月12日,05時,新品 プレイステーション 5 PS5 ディスクコンソール ラチェット ＆ クランクGM付き 同日発送 ！,"79,593 円",79593,27,新品 プレイステーション 5 PS5 ディスクコンソール ラチェット ＆ クランクGM付き 同日発送 ！,"79,593 円",79593,27,Nintendo Switch Console ONLY with accessories! Spares & Repairs ,"10,256 円",10256,11,Microsoft Xbox Series X 1TB ビデオゲームコンソール-ブラック,"79,593 円",79593,22,Microsoft Xbox Series Sコンソール ケーブルとオリジナルボックス付き,"25,426 円",25426,1
2021年08月12日,06時,新品Sony Playstation 5 （ PS 5 ） コンソールディスクバージョンシールバンドル,"87,553 円",87553,9,ソニー PS5 デジタルエディションコンソール 、 5 ヶ月使用,"68,539 円",68539,18,Nintendo Switch Fortnite Special Edition Pack,"29,085 円",29085,19,Microsoft Xbox Series X 1TB ビデオゲームコンソール-ブラック,"79,593 円",79593,22,Microsoft Xbox Series Sコンソール ケーブルとオリジナルボックス付き,"25,426 円",25426,1
2021年08月12日,07時,ソニー 新品プレイステーション 5 PS5 ディスクコンソールバンドル オールスターGM同日発送 🚀,"85,121 円",85121,25,ソニー PS5 デジタルエディション コンソール-ホワイト,"76,277 円",76277,14,Nintendo Switch 32GB ネオンレッド/ネオンブルーコンソール,"32,733 円",32733,7,Microsoft Xbox Series X 1TB ビデオゲームコンソール-ブラック,"79,593 円",79593,22,Microsoft Xbox Series Sコンソール ケーブルとオリジナルボックス付き,"25,426 円",25426,1
2021年08月12日,08時,ソニー PlayStation 5 コンソールディスクバージョンPS 5 新品手持ちで発送 迅速,"78,488 円",78488,2,ソニー PS5 デジタル版コンソール-ホワイト-手密封-発送準備完了,"76,277 円",76277,15,Nintendo Switch パッチなしHAC-001 コンソール 、 オールインボックスアクセサリー付き,"33,495 円",33495,24,Microsoft Xbox Series X 1TB ビデオゲームコンソール-ブラック,"79,593 円",79593,22,Microsoft Xbox Series Sコンソール ケーブルとオリジナルボックス付き,"25,426 円",25426,1
2021年08月12日,09時,ソニー PS5 PlayStation 5 ブルーレイディスクエディション新品,"77,382 円",77382,15,ソニー PS5 デジタル版コンソール-ホワイト-手密封-発送準備完了,"76,277 円",76277,15,Nintendo Switch HAC-001 32GB グレーJoyCon付き 11 ゲーム 。 プロコントローラー ＆ エクストラ付き ！,"33,053 円",33053,1,Microsoft Xbox Series X 1TB ビデオゲームコンソール-ブラック,"79,593 円",79593,22,Microsoft Xbox Series Sコンソール ケーブルとオリジナルボックス付き,"25,426 円",25426,1
2021年08月12日,10時,🔥 Sony PlayStation 5 コンソールディスクバージョン （ PS 5 ） 新品送料無料 🚚,"86,226 円",86226,14,ソニー PS5 デジタルエディションコンソール + エクストラコントローラー ＆ アストロA 40 TR MixAmp付き,"69,091 円",69091,1,Nintendo Switch 32 GBグレーコンソール ネオンレッドとネオンブルージョイコン,"21,833 円",21833,10,Microsoft Xbox Series X 1TB ビデオゲームコンソール-ブラック,"79,593 円",79593,22,Microsoft Xbox Series Sコンソール ケーブルとオリジナルボックス付き,"25,426 円",25426,1
2021年08月12日,11時,ソニー PS5 ブルーレイエディション コンソール-ホワイト,"81,804 円",81804,26,🔥 🔥 ソニーPS 5 デジタル版コンソール ！ 新品!!! 未開封 ！ 🔥 8293; 8293;,"69,976 円",69976,45,Nintendo Switch 32 GBグレーコンソール ネオンレッドとネオンブルージョイコン,"24,873 円",24873,16,Microsoft Xbox Series X 1TB ビデオゲームコンソール-ブラック,"79,593 円",79593,22,Microsoft Xbox Series Sコンソール ケーブルとオリジナルボックス付き,"25,426 円",25426,1
2021年08月12日,12時,新品 アメリカ ソニー PS5 ブルーレイ エディション コンソール-ホワイト,"77,382 円",77382,15,SONY PS5 PLAYSTATION 5 DIGITA EDITION CONSOLE WITH RECEIPT ,"81,191 円",81191,33,Nintendo Switch Grey Console (Improved Battery) With Games And Pro Controller,"31,381 円",31381,6,Microsoft Xbox Series X 1TB ビデオゲームコンソール-ブラック,"79,593 円",79593,22,Microsoft Xbox Series Sコンソール ケーブルとオリジナルボックス付き,"25,426 円",25426,1
2021年08月12日,13時,新品 アメリカ ソニー PS5 ブルーレイ エディション コンソール-ホワイト,"78,488 円",78488,16,"Sony PS5 Digital Edition Console - White, Barely used, Perfect condition","65,358 円",65358,9,Nintendo Switch Grey Console (Improved Battery) With Games And Pro Controller,"31,381 円",31381,6,Microsoft Xbox Series X 1TB ビデオゲームコンソール-ブラック,"79,593 円",79593,22,Microsoft Xbox Series Sコンソール ケーブルとオリジナルボックス付き,"25,426 円",25426,1
2021年08月12日,14時,新品 アメリカ ソニー PS5 ブルーレイ エディション コンソール-ホワイト,"92,859 円",92859,21,ソニー PlayStation 5 デジタル版コンソール,"71,855 円",71855,4,Nintendo Switch Grey Console (Improved Battery) With Games And Pro Controller,"31,381 円",31381,6,Microsoft Xbox Series X 1TB ビデオゲームコンソール-ブラック,"79,593 円",79593,22,Microsoft Xbox Series Sコンソール ケーブルとオリジナルボックス付き,"25,426 円",25426,1
2021年08月12日,15時,Sony PS5 Blu-Ray Edition Console - White,"93,369 円",93369,10,ソニー PlayStation 5 デジタル版コンソール,"85,121 円",85121,10,Nintendo Switch Grey Console (Improved Battery) With Games And Pro Controller,"31,381 円",31381,6,Microsoft Xbox Series X 1TB ビデオゲームコンソール-ブラック,"79,593 円",79593,22,Microsoft Xbox Series Sコンソール ケーブルとオリジナルボックス付き,"25,426 円",25426,1
2021年08月12日,16時,Sony PS5 Disc Console - Brand New & Fast Delivery ! 100% Seller,"76,599 円",76599,5,playstation 5 digital edition console,"68,939 円",68939,22,Nintendo Switch Grey Console (Improved Battery) With Games And Pro Controller,"32,172 円",32172,7,Microsoft Xbox Series X 1TB ビデオゲームコンソール-ブラック,"79,540 円",79540,22,Microsoft Xbox Series Sコンソール ケーブルとオリジナルボックス付き,"25,409 円",25409,1
2021年08月12日,17時,Sony PS5 Disc Edition Console - White,"87,578 円",87578,5,playstation 5 digital edition console,"68,939 円",68939,22,Nintendo Switch Grey Console (Improved Battery) With Games And Pro Controller,"32,172 円",32172,7,Microsoft Xbox Series X 1TB ビデオゲームコンソール-ブラック,"79,540 円",79540,22,Microsoft Xbox Series Sコンソール ケーブルとオリジナルボックス付き,"25,409 円",25409,1
2021年08月12日,18時,Sony Playstation 5 PS5 Disc Console UK | FAST 24HR DELIVERY | BRAND NEW,"72,003 円",72003,8,playstation 5 digital edition console,"68,939 円",68939,22,Nintendo Switch Fortnite Special Edition Pack. Unwanted Gift Used a few times,"30,640 円",30640,1,Microsoft Xbox Series X 1TB ビデオゲームコンソール-ブラック,"79,540 円",79540,22,Microsoft Xbox Series Sコンソール ケーブルとオリジナルボックス付き,"25,409 円",25409,1
2021年08月12日,19時,Sony PS5 Blu-Ray Edition Console - White - Ready To Ship ✅✅,"79,663 円",79663,11,Sony PS5 Digital Edition Console - White,"59,747 円",59747,16,Nintendo Switch Fortnite Special Edition Pack. Unwanted Gift Used a few times,"30,640 円",30640,1,Microsoft Xbox Series X 1TB ビデオゲームコンソール-ブラック,"79,540 円",79540,22,Microsoft Xbox Series Sコンソール ケーブルとオリジナルボックス付き,"25,409 円",25409,1
2021年08月12日,20時,PlayStation 5 Disc Edition Console PS5  ✅ BRAND NEW ✅ - NEXT DAY DELIVERY 🚚,"78,131 円",78131,9,Sony PS5 Digital Edition Console - White,"59,747 円",59747,16,Nintendo Switch Grey Console (Improved Battery) With Games And Pro Controller,"37,534 円",37534,11,Microsoft Xbox Series X 1TB ビデオゲームコンソール-ブラック,"79,540 円",79540,22,Microsoft Xbox Series Sコンソール ケーブルとオリジナルボックス付き,"25,409 円",25409,1
2021年08月12日,21時,ソニー PS5 ブルーレイエディション コンソール-ホワイト-新品,"82,855 円",82855,1,Sony PS5 Digital Edition Console - White,"59,747 円",59747,16,Nintendo Switch 32GB+256 GBコンソールバンドルネオンブルー/グレージョイコンドック充電器,"38,776 円",38776,10,Microsoft Xbox OneシリーズX 1 TBコンソール-ブラック 〜 ！,"64,074 円",64074,26,Microsoft Xbox Series Sコンソール ケーブルとオリジナルボックス付き,"25,409 円",25409,1
2021年08月12日,22時,ソニー Playstation 5 PS 5 コンソール 新品ディスクバージョン,"81,198 円",81198,19,Sony PS5 Digital Edition Console PlayStation 5 - Brand New - Free Delivery ✅,"70,471 円",70471,13,Nintendo Switch 32GB+256 GBコンソールバンドルネオンブルー/グレージョイコンドック充電器,"38,776 円",38776,10,Microsoft Xbox OneシリーズX 1 TBコンソール-ブラック 〜 ！,"64,074 円",64074,26,Microsoft Xbox Series Sコンソール ケーブルとオリジナルボックス付き,"25,409 円",25409,1
2021年08月12日,23時,ソニー Playstation 5 PS 5 コンソール 新品ディスクバージョン,"83,849 円",83849,21,Sony PS5 Digital Edition Console - White,"61,279 円",61279,10,Nintendo Switch HAC-001 (-01) 32GB コンソール ブルー ＆ レッド Joy-Con付き,"27,729 円",27729,8,Microsoft Xbox OneシリーズX 1 TBコンソール-ブラック 〜 ！,"64,074 円",64074,26,Microsoft Xbox Series Sコンソール ケーブルとオリジナルボックス付き,"25,409 円",25409,1
2021年08月13日,00時,ソニー Playstation PS5 ディスク/ブルーレイエディションコンソール 、 迅速発送,"79,540 円",79540,14,Sony PlayStation 5 PS5 Digital Edition ✅BRAND NEW✅FREE NEXT DAY DELIVERY ,"67,407 円",67407,19,Nintendo Switch 32 GB Neon Blue and Red Console with Numskull Travel Case,"24,512 円",24512,1,Microsoft Xbox OneシリーズX 1 TBコンソール-ブラック 〜 ！,"64,074 円",64074,26,Microsoft Xbox Series Sコンソール ケーブルとオリジナルボックス付き,"25,409 円",25409,1
2021年08月13日,01時,Sony Playstation PS5 Disc Edition Console - Brand New In Hand Next Day Delivery,"76,599 円",76599,6,ソニー PS5 デジタルエディション コンソール-ホワイト パルス付き 3D ヘッドセット,"63,522 円",63522,9,Nintendo Switch HAC-001 (-01) アニマルクロッシング ： 新品Horizon Special Edition - 32 G...,"24,414 円",24414,12,Microsoft Xbox OneシリーズX 1 TBコンソール-ブラック 〜 ！,"64,074 円",64074,26,Microsoft Xbox Series Sコンソール ケーブルとオリジナルボックス付き,"25,409 円",25409,1
2021年08月13日,02時,ソニー PlayStation 5 コンソールディスクバンドル ラチェットクランクスパイダーマン PS5-速い発送,"90,035 円",90035,12,ソニー PS5 デジタルエディション コンソール-ホワイト パルス付き 3D ヘッドセット,"64,627 円",64627,10,Nintendo Switch HAC-001 （ -01 ） グレー Joy-Conおよび 3 ゲーム付き 32 GBコンソール,"37,561 円",37561,24,Microsoft Xbox OneシリーズX 1 TBコンソール-ブラック 〜 ！,"68,493 円",68493,30,Microsoft Xbox Series Sコンソール ケーブルとオリジナルボックス付き,"25,409 円",25409,1
2021年08月13日,03時,*** SONY PLAYSTATION 5 PS5 CONSOLE DISC EDITION *** BNIB & SEALED ***,"76,904 円",76904,34,ソニー新品 ！ PLAYSTATION 5 PS 5 ディスクコンソール MARVEL's AVENGERS. 同日発送,"85,064 円",85064,20,Nintendo Switch 32GB コンソール グレージョイコン付き ポケモンシールド 箱入り,"21,487 円",21487,11,Microsoft Xbox OneシリーズX 1 TBコンソール-ブラック 〜 ！,"68,493 円",68493,30,Microsoft Xbox Series Sコンソール ケーブルとオリジナルボックス付き,"25,685 円",25685,2
2021年08月13日,04時,Playstation 5 console With Extra Controller - Next Day Delivery 🚚 ✅,"78,131 円",78131,37,🎮Sony PS5 Digital Edition Console - Brand New & Sealed,"65,109 円",65109,21,Nintendo Switch Fortnite Special Edition Pack Tablet & Joycons Only,"20,069 円",20069,3,Microsoft Xbox OneシリーズX 1 TBコンソール-ブラック 〜 ！,"69,598 円",69598,31,Microsoft Xbox Series Sコンソール ケーブルとオリジナルボックス付き,"25,685 円",25685,2
2021年08月13日,05時,ソニー PS5 ブルーレイエディション コンソール-ホワイト,"81,750 円",81750,10,ソニー 新品 プレイステーション 5 PS5 ディスクコンソール ラチェットとクランクGM付き 同日発送 ！,"72,139 円",72139,23,Nintendo Switch Nintendo Switch,"14,638 円",14638,6,Microsoft Xbox OneシリーズX 1 TBコンソール-ブラック 〜 ！,"74,680 円",74680,36,Microsoft Xbox Series Sコンソール ケーブルとオリジナルボックス付き,"25,685 円",25685,2
2021年08月13日,06時,ソニー PS5 ブルーレイエディション コンソール-ホワイト,"70,703 円",70703,4,ソニー 新品 プレイステーション 5 PS5 ディスクコンソール サクボーイGM同日発送 🚀,"72,912 円",72912,14,Nintendo Switch 32 GBグレーコンソール ネオンレッドとネオンブルージョイコン,"21,874 円",21874,1,Microsoft Xbox Series X 1TB Video Game Console - Black,"78,131 円",78131,6,Microsoft Xbox Series Sコンソール ケーブルとオリジナルボックス付き,"28,171 円",28171,4
2021年08月13日,07時,ソニー 新品プレイステーション 5 PS5 ディスクコンソールバンドル オールスターGM同日発送 🚀,"76,226 円",76226,14,ソニー 新品プレイステーション 5 PS5 ディスクコンソールバンドル オールスターGM同日発送 🚀,"76,226 円",76226,14,Nintendo Switch 32GB グレー ジョイコン,"22,205 円",22205,9,Microsoft Xbox Series X 1TB Video Game Console - Black,"85,791 円",85791,9,Microsoft Xbox Series Sコンソール ケーブルとオリジナルボックス付き,"28,171 円",28171,4
2021年08月13日,08時,ソニー PS5 PlayStation 5 ブルーレイディスクエディションコンソール-ホワイト 、 箱入り新品 。,"86,058 円",86058,22,Sony PlayStation 5 PS 5 デジタルエディションコンソール ** MLB The Show 21 ダウンロード付き **,"64,627 円",64627,18,Nintendo Switch 32GB グレー ジョイコン,"22,205 円",22205,9,Microsoft Xbox Series X 1TB Video Game Console - Black,"85,791 円",85791,9,Microsoft Xbox Series Sコンソール ケーブルとオリジナルボックス付き,"28,171 円",28171,4
2021年08月13日,09時,ソニー PS5 ディスクエディションコンソール 🚚 - w/2 ゲーム + エクストラコントローラPlayStation 5,"93,901 円",93901,1,ソニー PS5 デジタル版コンソール-ホワイト-手密封-発送準備完了,"78,436 円",78436,12,Nintendo Switch 32 GBレッド ＆ ブルージョイスティックプロコントローラー 、 HDMI 、 USBケーブル付き,"22,372 円",22372,4,Microsoft Xbox Series X 1TB Video Game Console - Black,"85,791 円",85791,9,Microsoft Xbox Series Sコンソール ケーブルとオリジナルボックス付き,"28,171 円",28171,4
2021年08月13日,10時,ソニー PS5 ブルーレイエディション コンソール-ホワイト,"81,860 円",81860,22,ソニー PS5 デジタル版コンソール-新品!!! - 写真を参照,"66,284 円",66284,1,Nintendo Switch マリオレッド ＆ ブルーエディション,"32,666 円",32666,40,Microsoft Xbox Series X 1TB Video Game Console - Black,"85,791 円",85791,9,Microsoft Xbox Series Sコンソール ケーブルとオリジナルボックス付き,"28,171 円",28171,4
2021年08月13日,11時,ソニー PS5 ブルーレイエディションコンソール-ホワイトインハンドシップ 翌日,"84,070 円",84070,21,ソニー PS5 デジタル版コンソール-ホワイト-手密封-発送準備完了,"99,426 円",99426,16,Nintendo Switch 32GB ネオンレッド/ネオンブルーコンソール,"24,304 円",24304,1,Microsoft Xbox Series X 1TB Video Game Console - Black,"85,791 円",85791,9,Microsoft Xbox Series Sコンソール ケーブルとオリジナルボックス付き,"28,171 円",28171,4
2021年08月13日,12時,ソニープレイステーション 5 ディスクバージョン-手動-発送準備ができています-PS 5 新品,"85,064 円",85064,9,ソニー PS5 デジタルエディション コンソール + メディア リモート,"60,760 円",60760,1,Nintendo Switch 32 GBネオンレッド/ネオンブルーコンソール エクストラ付き 。,"24,580 円",24580,26,Microsoft Xbox Series X 1TB Video Game Console - Black,"85,791 円",85791,9,Microsoft Xbox Series Sコンソール ケーブルとオリジナルボックス付き,"28,171 円",28171,4
2021年08月13日,13時,ソニープレイステーション 5 ディスクバージョン-手動-発送準備ができています-PS 5 新品,"87,274 円",87274,11,"PS5 Digital Edition - White, Brand New and Unopened","55,151 円",55151,3,Nintendo Switch 32 GBネオンレッド/ネオンブルーコンソール エクストラ付き 。,"28,171 円",28171,28,Microsoft Xbox Series X 1TB Video Game Console - Black,"85,791 円",85791,9,Microsoft Xbox Series Sコンソール ケーブルとオリジナルボックス付き,"28,171 円",28171,4
2021年08月13日,14時,ソニー PlayStation 5 PS 5 コンソールディスクバンドル + 3 ゲーム +2 コントローラー高速発送,"103,844 円",103844,34,"PS5 Digital Edition - White, Brand New and Unopened","55,151 円",55151,3,Nintendo Switch 32 GBネオンレッド/ネオンブルーコンソール エクストラ付き 。,"31,485 円",31485,30,Microsoft Xbox Series X 1TB Video Game Console - Black,"85,791 円",85791,9,Microsoft Xbox Series Sコンソール ケーブルとオリジナルボックス付き,"28,171 円",28171,4
2021年08月13日,15時,ソニー PlayStation 5 PS 5 コンソールディスクバンドル + 3 ゲーム +2 コントローラー高速発送,"103,844 円",103844,34,"PS5 Digital Edition - White, Brand New and Unopened","55,151 円",55151,3,Nintendo Switch 32 GBネオンレッド/ネオンブルーコンソール エクストラ付き 。,"31,485 円",31485,30,Microsoft Xbox Series X 1TB Video Game Console - Black,"85,791 円",85791,9,Microsoft Xbox Series S 512GB ビデオゲームコンソール-ホワイト,"29,275 円",29275,23
2021年08月13日,16時,ソニー PlayStation 5 PS 5 コンソールディスクバンドル + 3 ゲーム +2 コントローラー高速発送,"115,868 円",115868,38,PS5 デジタル版コンソール/デュアルセンス ワイヤレスコントローラバンドル *** すぐに発送,"76,688 円",76688,1,Nintendo Switch 32 GBネオンレッド/ネオンブルーコンソール エクストラ付き 。,"31,450 円",31450,30,Microsoft Xbox Series X 1TB Video Game Console - Black,"79,233 円",79233,7,Microsoft Xbox Series S 512GB ビデオゲームコンソール-ホワイト,"29,243 円",29243,23
2021年08月13日,17時,Sony PS5 Blu-Ray Edition Console - White. Additional controller. 2 Games.,"76,332 円",76332,1,PS5 デジタル版コンソール/デュアルセンス ワイヤレスコントローラバンドル *** すぐに発送,"76,688 円",76688,1,Nintendo Switch Grey Console ,"38,166 円",38166,1,Microsoft Xbox Series X 1TB Video Game Console - Black,"79,233 円",79233,7,Microsoft Xbox Series S 512GB ビデオゲームコンソール-ホワイト,"29,243 円",29243,23
2021年08月13日,18時,Sony PS5 Disc Edition Console - BRAND NEW,"99,971 円",99971,7,PS5 デジタル版コンソール/デュアルセンス ワイヤレスコントローラバンドル *** すぐに発送,"76,688 円",76688,1,Nintendo Switch Grey Console ,"38,166 円",38166,1,Microsoft Xbox Series X 1TB Video Game Console - Black,"80,760 円",80760,8,Microsoft Xbox Series S 512GB ビデオゲームコンソール-ホワイト,"29,243 円",29243,23
2021年08月13日,19時,Sony PS5  Disc edition  with Blu-Ray - BNIB Console - White,"73,279 円",73279,1,PS5 デジタル版コンソール/デュアルセンス ワイヤレスコントローラバンドル *** すぐに発送,"76,688 円",76688,1,Nintendo Switch Grey Console ,"38,166 円",38166,1,Microsoft Xbox Series X 1TB Video Game Console - Black,"80,760 円",80760,8,Microsoft Xbox Series S 512GB ビデオゲームコンソール-ホワイト,"29,243 円",29243,23
2021年08月13日,20時,Sony PS5  Disc edition  with Blu-Ray - BNIB Console - White,"79,996 円",79996,5,PS5 デジタル版コンソール/デュアルセンス ワイヤレスコントローラバンドル *** すぐに発送,"76,688 円",76688,1,Nintendo Switch Fortnite Special Edition Pack,"33,586 円",33586,27,Microsoft Xbox Series X 1TB Video Game Console - Black,"80,760 円",80760,8,Microsoft Xbox Series S 512GB ビデオゲームコンソール-ホワイト,"29,243 円",29243,23
2021年08月13日,21時,333 新品 Sony PS5 ブルーレイ エディション コンソール-ホワイト シップ レディー,"82,763 円",82763,7,🔥 Sony Playstation PS5-デジタルエディションブランド 新品手早く発送 ！,"78,349 円",78349,9,Nintendo Switch Fortnite Special Edition Pack,"33,586 円",33586,27,Xbox シリーズ Xバンドル,"72,832 円",72832,12,Microsoft Xbox Series S 512GB ビデオゲームコンソール-ホワイト,"29,243 円",29243,23
2021年08月13日,23時,PS 5 コンソールブルーレイエディション,"113,110 円",113110,11,ソニーブランド新しいプレイステーション 5 PS5 デジタルエディション同日発送!!! 🚀 🚀,"68,418 円",68418,28,Nintendo Switch 1.1 with Neon Blue / Neon Red Joy-Con Controllers,"32,823 円",32823,41,Xbox シリーズ Xバンドル,"77,246 円",77246,15,Microsoft Xbox Series S 512GB ビデオゲームコンソール-ホワイト,"29,243 円",29243,23
2021年08月14日,00時,Sony Ps5 Disc Edition BRAND NEW,"76,332 円",76332,14,ソニーブランド新しいプレイステーション 5 PS5 デジタルエディション同日発送!!! 🚀 🚀,"68,418 円",68418,28,Nintendo Switch HAC-001 （ -01 ） グレー Joy-Con付き 32 GBコンソール,"20,029 円",20029,32,🎮 Microsoft Xbox Series X Console 🎮 Brand New ✅ Fast & Free Postage 🚚,"83,202 円",83202,27,Microsoft Xbox Series S 512GB ビデオゲームコンソール-ホワイト,"29,243 円",29243,23
2021年08月14日,01時,ソニー 新品 プレイステーション 5 PS5 ディスクコンソール サクボーイGM同日発送 🚀,"81,660 円",81660,28,Sony PS5 Digital Edition Console - White,"66,257 円",66257,3,Nintendo Switch HAC-001 （ -01 ） グレー Joy-Con付き 32 GBコンソール,"20,029 円",20029,32,Microsoft Xbox Series X 1TB ビデオゲームコンソール-ブラック,"73,935 円",73935,11,Microsoft Xbox Series S 512GB ビデオゲームコンソール-ホワイト,"29,243 円",29243,23
2021年08月14日,02時,ソニー PlayStation 5 ディスクバージョンコンソール PS5-手書き新品-本日発送 ！,"83,867 円",83867,19,Sony PS5 Digital Edition Console - White,"60,303 円",60303,9,Nintendo Switch 32 GBグレーコンソール ネオンレッドとネオンブルージョイコン,"22,070 円",22070,1,Microsoft Xbox Series X 1TB ビデオゲームコンソール-ブラック,"75,039 円",75039,12,Microsoft Xbox Series S 512GB ビデオゲームコンソール-ホワイト,"29,243 円",29243,23
2021年08月14日,03時,ソニー新品 ！ PLAYSTATION 5 PS 5 ディスクコンソール MARVEL's AVENGERS. 同日発送,"81,108 円",81108,20,ソニーブランド新しいプレイステーション 5 PS5 デジタルエディション同日発送!!! 🚀 🚀,"72,832 円",72832,40,Nintendo Switch 32GB ネオンレッド/ネオンブルーコンソール,"17,711 円",17711,23,Microsoft Xbox Series X 1TB Video Game Console - Black,"76,332 円",76332,1,Microsoft Xbox Series S 512GB ビデオゲームコンソール-ホワイト,"29,243 円",29243,23
2021年08月14日,04時,Sony PlayStation 5 PS5 Console Disc Edition-BRAND NEW 🚚 POSTED NEX DAY - UPS,"77,859 円",77859,1,Sony PS5 Digital Edition Console PlayStation 5 - Brand New - Free Delivery ✅,"65,646 円",65646,23,アメージングニンテンドースイッチ レザー ゼルダ キャリングケース 、 グレー ジョイ コンズ + 4 ゲーム,"24,762 円",24762,6,Microsoft Xbox Series X 1TB Video Game Console - Black,"76,332 円",76332,1,Microsoft Xbox Series S 512GB ビデオゲームコンソール-ホワイト,"29,243 円",29243,23
2021年08月14日,05時,ソニー 新品プレイステーション 5 PS5 ディスクコンソールバンドル オールスターGM同日発送 🚀,"88,281 円",88281,28,ソニー 新品プレイステーション 5 PS5 ディスクコンソールバンドル オールスターGM同日発送 🚀,"88,281 円",88281,28,アメージングニンテンドースイッチ レザー ゼルダ キャリングケース 、 グレー ジョイ コンズ + 4 ゲーム,"24,762 円",24762,6,Microsoft Xbox Series X 1TB Video Game Console - Black,"76,332 円",76332,1,Microsoft Xbox Series S 512GB ビデオゲームコンソール-ホワイト,"29,243 円",29243,23
2021年08月14日,06時,ソニー新品 ！ PLAYSTATION 5 PS 5 ディスクコンソール MARVEL's AVENGERS. 同日発送,"84,970 円",84970,24,ソニー新品 ！ PLAYSTATION 5 PS 5 ディスクコンソール MARVEL's AVENGERS. 同日発送,"84,970 円",84970,24,Nintendo Switch 32 GBコンソール ネオンレッドとブルーJoy-Con 、 128GB SDカードとゲーム,"24,553 円",24553,19,Microsoft Xbox Series X 1TB Video Game Console - Black,"76,332 円",76332,1,Microsoft Xbox Series S 512GB ビデオゲームコンソール-ホワイト,"29,243 円",29243,23
2021年08月14日,07時,ソニー PS5 ホワイト ブルーレイ + エクストラコントローラー + 3 ゲーム * 信頼できるセラー *,"77,246 円",77246,39,ソニーブランド新しいプレイステーション 5 PS5 デジタルエディション同日発送!!! 🚀 🚀,"72,832 円",72832,21,Nintendo Switch 32GB ネオンレッド/ネオンブルーコンソール 3 ゲーム 、 ケース ＆ 送料無料,"26,208 円",26208,16,XboxシリーズX,"76,694 円",76694,14,Microsoft Xbox Series S 512GB ビデオゲームコンソール-ホワイト,"31,450 円",31450,26
2021年08月14日,08時,ソニー PS5 ブルーレイエディション コンソールバンドル-ホワイト中古 （ 短時間 ）,"78,349 円",78349,8,Sony PS5 Digital Edition Console Brand New,"63,356 円",63356,5,Nintendo Switch 32 GBグレーコンソール 、 赤と青のJoy-Con 、 2 Proコントローラー 、 1 ゲーム,"21,243 円",21243,2,XboxシリーズX,"76,694 円",76694,14,Microsoft Xbox Series S 512GB ビデオゲームコンソール-ホワイト,"31,450 円",31450,26
2021年08月14日,09時,ソニー PS5 PlayStation 5 コンソールディスクバージョン,"76,694 円",76694,23,Playstation 5 デジタルエディション-中古 、 オリジナルパッケージ,"61,024 円",61024,11,Nintendo Switch 32 GBグレーコンソール 、 赤と青のJoy-Con 、 2 Proコントローラー 、 1 ゲーム,"31,009 円",31009,15,XboxシリーズX,"76,694 円",76694,14,Microsoft Xbox Series S 512GB ビデオゲームコンソール-ホワイト,"33,105 円",33105,28
2021年08月14日,10時,Sony PS5 Blu-Ray Edition Console - White,"77,859 円",77859,12,ソニー PS5 デジタル版コンソール-部品用/機能なし,"67,314 円",67314,41,Nintendo Switch-アニマルクロッシング ： 新品Horizons Edition 32 GBコンソール + 充電器,"12,304 円",12304,6,XboxシリーズX,"78,349 円",78349,15,Microsoft Xbox Series S 512GB ビデオゲームコンソール-ホワイト,"33,657 円",33657,29
2021年08月14日,11時,ソニー Playstation PS5 ブルーレイエディションコンソール + リモート + カメラアダプター,"75,590 円",75590,11,新品 ＆ 密封ソニープレイステーション 5 PS 5 デジタルエディションコンOLE 、 手早く発送 ！,"81,660 円",81660,8,Nintendo Switch-アニマルクロッシング ： 新品Horizons Edition 32 GBコンソール + 充電器,"16,056 円",16056,19,XboxシリーズX,"82,763 円",82763,17,Microsoft Xbox Series S 512GB ビデオゲームコンソール-ホワイト,"33,657 円",33657,29
2021年08月14日,12時,PS5-Sony PlayStation 5 ディスクエディションコンソール-新品 ！,"82,763 円",82763,2,ソニー PS5 デジタルエディション コンソール-新品-PlayStation 5,"79,453 円",79453,8,Nintendo Switchゲームコンソールバンドル Joy-Cons HAC-001 - ケース ＆ オリジナルボックス,"34,209 円",34209,52,XboxシリーズX,"82,763 円",82763,17,Microsoft Xbox Series S 512GB ビデオゲームコンソール-ホワイト,"33,657 円",33657,29
2021年08月14日,13時,ソニー PS5 ブルーレイエディション コンソール-ホワイト,"71,728 円",71728,16,ソニー PS5 デジタルエディション コンソール-新品-PlayStation 5,"79,453 円",79453,8,Nintendo Switchゲームコンソールバンドル Joy-Cons HAC-001 - ケース ＆ オリジナルボックス,"34,209 円",34209,52,XboxシリーズX,"82,763 円",82763,17,Microsoft Xbox Series S 512GB ビデオゲームコンソール-ホワイト,"33,657 円",33657,29
2021年08月14日,14時,ソニー PS5 ブルーレイエディション コンソール-ホワイト,"71,728 円",71728,16,ソニー PS5 デジタルエディション コンソール-ホワイト,"77,246 円",77246,14,Nintendo Switchゲームコンソールバンドル Joy-Cons HAC-001 - ケース ＆ オリジナルボックス,"34,209 円",34209,52,XboxシリーズX,"82,763 円",82763,17,Microsoft Xbox Series S 512GB ビデオゲームコンソール-ホワイト,"33,657 円",33657,29
2021年08月14日,15時,新しいソニーPlayStation 5 コンソールディスクバージョン手動&#128230; 送料無料,"86,074 円",86074,16,ソニー PS5 デジタルエディション コンソール-ホワイト,"77,246 円",77246,14,Nintendo Switchゲームコンソールバンドル Joy-Cons HAC-001 - ケース ＆ オリジナルボックス,"34,209 円",34209,52,XboxシリーズX,"82,763 円",82763,17,Microsoft Xbox Series S 512GB ビデオゲームコンソール-ホワイト,"33,657 円",33657,29
2021年08月14日,16時,新しいソニーPlayStation 5 コンソールディスクバージョン手動&#128230; 送料無料,"85,695 円",85695,16,ソニー PS5 デジタルエディション コンソール-ホワイト,"76,906 円",76906,14,Nintendo Switchゲームコンソールバンドル Joy-Cons HAC-001 - ケース ＆ オリジナルボックス,"34,058 円",34058,52,Microsoft Xbox Series X 1TB Video Game Console - Black,"76,104 円",76104,3,Microsoft Xbox Series S 512GB ビデオゲームコンソール-ホワイト,"34,608 円",34608,30
2021年08月14日,17時,NEW Sony PS5 Disk Edition Console - White (Sealed) from Amazon,"71,538 円",71538,5,ソニー PS5 デジタルエディション コンソール-ホワイト,"76,906 円",76906,14,Nintendo Switchゲームコンソールバンドル Joy-Cons HAC-001 - ケース ＆ オリジナルボックス,"34,058 円",34058,52,Microsoft Xbox Series X 1TB Video Game Console - Black,"76,104 円",76104,3,Microsoft Xbox Series S 512GB ビデオゲームコンソール-ホワイト,"34,608 円",34608,30
2021年08月14日,18時,Sony PlayStation 5 Console (Brand New) Disc edition With 1 Extra Controller,"76,561 円",76561,15,ソニー PlayStation 5 PS 5 デジタルエディションコンソール新品 、 手持ち 、 出荷準備完了,"75,808 円",75808,26,Nintendo Switchゲームコンソールバンドル Joy-Cons HAC-001 - ケース ＆ オリジナルボックス,"39,002 円",39002,57,Microsoft Xbox Series X 1TB Video Game Console - Black,"80,670 円",80670,30,Microsoft Xbox Series S 512GB ビデオゲームコンソール-ホワイト,"34,608 円",34608,30
2021年08月14日,19時,ソニー PlayStation 5 PS 5 デジタルエディションコンソール新品 、 手持ち 、 出荷準備完了,"78,005 円",78005,28,ソニー PlayStation 5 PS 5 デジタルエディションコンソール新品 、 手持ち 、 出荷準備完了,"78,005 円",78005,28,Nintendo Switchゲームコンソールバンドル Joy-Cons HAC-001 - ケース ＆ オリジナルボックス,"43,946 円",43946,64,Microsoft Xbox Series X 1TB Video Game Console - Black,"83,715 円",83715,31,Microsoft Xbox Series S 512GB ビデオゲームコンソール-ホワイト,"34,608 円",34608,30
2021年08月14日,20時,Sony PS5 Blu-Ray Edition Console - White,"74,549 円",74549,11,Sony PS5 Digital Edition Console - White,"74,144 円",74144,19,Nintendo Switchゲームコンソールバンドル Joy-Cons HAC-001 - ケース ＆ オリジナルボックス,"47,352 円",47352,71,Microsoft Xbox Series X 1TB Video Game Console - Black,"82,192 円",82192,22,Microsoft Xbox Series S 512GB ビデオゲームコンソール-ホワイト,"34,608 円",34608,30
2021年08月14日,21時,ソニー PS5 ブルーレイエディションコンソール （ 新品箱入り ）,"85,146 円",85146,11,SONY PLAYSTATION 5 (PS5) Digital Edition Console - BRAND NEW (has warranty),"68,067 円",68067,39,Nintendo Switchゲームコンソールバンドル Joy-Cons HAC-001 - ケース ＆ オリジナルボックス,"47,352 円",47352,71,Microsoft Xbox Series X 1TB ビデオゲームコンソール-ブラック,"68,117 円",68117,3,Microsoft Xbox Series S 512GB ビデオゲームコンソール-ホワイト,"34,608 円",34608,30
2021年08月14日,22時,PS5 ディスクバージョン,"94,485 円",94485,8,ソニー PlayStation PS5 デジタル版コンソール-ホワイト-新品未開封ボックス,"73,610 円",73610,10,Nintendo Switchゲームコンソールバンドル Joy-Cons HAC-001 - ケース ＆ オリジナルボックス,"47,902 円",47902,72,Microsoft Xbox Series X 1TB ビデオゲームコンソール-ブラック,"68,117 円",68117,3,Microsoft Xbox Series S 512GB ビデオゲームコンソール-ホワイト,"34,608 円",34608,30
2021年08月14日,23時,ソニーPlayStation 5 PS 5 スタンダードディスクエディション 🔥 * 送料無料 * 取扱い * 🔥 7918;,"80,751 円",80751,2,ソニー PlayStation PS5 デジタル版コンソール-ホワイト-新品未開封ボックス,"73,610 円",73610,10,Nintendo Switchゲームコンソールバンドル Joy-Cons HAC-001 - ケース ＆ オリジナルボックス,"48,451 円",48451,73,Microsoft Xbox Series X 1TB ビデオゲームコンソール-ブラック,"69,216 円",69216,4,Microsoft Xbox Series S 512GB ビデオゲームコンソール-ホワイト,"35,157 円",35157,31
2021年08月15日,00時,ソニー Playstation 5 ブルーレイエディションコンソール-ホワイト * 新品 、 手動 *,"73,610 円",73610,18,ソニー PlayStation PS5 デジタル版コンソール-ホワイト-新品未開封ボックス,"73,610 円",73610,10,Nintendo Switchゲームコンソールバンドル Joy-Cons HAC-001 - ケース ＆ オリジナルボックス,"48,451 円",48451,73,Microsoft Xbox Series X 1TB Video Game Console - Brand New - Fast & Free Ship🚚,"77,626 円",77626,21,Microsoft Xbox Series S 512GB ビデオゲームコンソール-ホワイト,"35,157 円",35157,31
2021年08月15日,01時,"✅ SONY PLAYSTATION 5 DISC CONSOLE | IN HAND, READY TO SHIP ✅  PS5","77,626 円",77626,13,ソニー PlayStation 5 PS 5 デジタルエディションコンソール新品 、 手持ち 、 出荷準備完了,"80,861 円",80861,3,Nintendo Switchゲームコンソールバンドル Joy-Cons HAC-001 - ケース ＆ オリジナルボックス,"48,451 円",48451,73,Microsoft Xbox Series X 1TB Video Game Console - Brand New - Fast & Free Ship🚚,"79,148 円",79148,23,Microsoft Xbox Series S 512GB ビデオゲームコンソール-ホワイト,"35,157 円",35157,31
2021年08月15日,02時,Brand New PlayStation 5 PS5 DISC Console IN HAND SEALED ✅ NEXT DAY DELIVERY,"74,582 円",74582,4,ソニーブランド新しいプレイステーション 5 PS5 デジタルエディション同日発送!!! 🚀 🚀,"65,920 円",65920,23,Nintendo Switchゲームコンソールバンドル Joy-Cons HAC-001 - ケース ＆ オリジナルボックス,"48,451 円",48451,73,Microsoft Xbox Series X 1TB Video Game Console - Brand New - Fast & Free Ship🚚,"81,431 円",81431,24,Microsoft Xbox Series S 512GB ビデオゲームコンソール-ホワイト,"35,157 円",35157,31
2021年08月15日,03時,ソニー PS5 ブルーレイエディションコンソール-ホワイト 。 新品バンドル ！,"79,103 円",79103,8,ソニーブランド新しいプレイステーション 5 PS5 デジタルエディション同日発送!!! 🚀 🚀,"73,610 円",73610,29,Nintendo Switch 32GB ネオンレッド/ネオンブルーコンソール 2 ゲーム/コントローラー付き,"27,252 円",27252,19,Microsoft Xbox Series X 1TB Video Game Console - Black BRAND NEW & SEALED,"80,670 円",80670,21,Microsoft Xbox Series S 512GB ビデオゲームコンソール-ホワイト,"35,157 円",35157,31
2021年08月15日,04時,Sony Playstation 5 PS5 Disc Edition - BNIB Sealed Fast Shipping Trusted Seller ⭐,"77,626 円",77626,23,ソニー 新品 プレイステーション 5 PS5 ディスクコンソール ラチェットとクランクGM付き 同日発送 ！,"86,794 円",86794,14,Nintendo Switch Neon Blue and Red Console Great Condition,"23,022 円",23022,12,Microsoft Xbox Series X 1TB Video Game Console - Black,"74,582 円",74582,4,Microsoft Xbox Series S 512GB ビデオゲームコンソール-ホワイト,"35,157 円",35157,31
2021年08月15日,05時,ソニー PS5 ブルーレイエディション コンソール-ホワイト,"81,301 円",81301,7,ソニーブランド新しいプレイステーション 5 PS5 デジタルエディション同日発送!!! 🚀 🚀,"67,018 円",67018,23,メガバンドル ニンテンドースイッチコンソール マリオレッド ＆ ブルーエディションコンソールとドック 。,"39,608 円",39608,3,Microsoft Xbox Series X 1TB Video Game Console - Black,"74,582 円",74582,4,Microsoft Xbox Series S 512GB ビデオゲームコンソール-ホワイト,"35,706 円",35706,32
2021年08月15日,06時,Sony PS5 Disc Edition Console✅Brand New Sealed✅Tracked And Insured Delivery✅,"76,104 円",76104,22,Sony PS5 Digital Edition Console - White,"53,121 円",53121,10,Nintendo Switch コンソール,"28,016 円",28016,21,Microsoft Xbox Series X 1TB Video Game Console - Black,"74,582 円",74582,4,Microsoft Xbox Series S 512GB ビデオゲームコンソール-ホワイト,"36,256 円",36256,33
2021年08月15日,07時,新品! Sony PlayStation 5 アルティメットバンドル = 出荷準備完了! 🚚 💽 🎧 📸 📸,"164,799 円",164799,2,ソニー PS5 デジタルエディション コンソール-ホワイト,"64,272 円",64272,11,Nintendo Switch マリオレッド ＆ ブルーエディション - 32GB,"31,312 円",31312,1,Microsoft Xbox Series X 1TB Video Game Console - Black,"74,582 円",74582,4,Xbox seires s,"31,203 円",31203,7
2021年08月15日,08時,Sony PlayStation 5 デジタルバージョンPS 5-新品未開封!!!,"69,216 円",69216,28,PlayStation 5-PS 5 デジタルエディション-エクストラコントローラ付き-工場密封新品,"76,357 円",76357,1,Nintendo Switch コンソールバンドル,"24,445 円",24445,6,Microsoft Xbox Series X 1TB Video Game Console - Black,"74,582 円",74582,4,Xbox seires s,"31,203 円",31203,7
2021年08月15日,09時,ソニー PS5 ブルーレイエディション コンソール-ホワイト,"76,357 円",76357,17,ソニー PS5 デジタルエディション コンソール-ホワイト,"64,272 円",64272,11,Nintendo Switch コンソールバンドル,"24,995 円",24995,8,Microsoft Xbox Series X 1TB Video Game Console - Black,"74,582 円",74582,4,Xbox seires s,"31,203 円",31203,7
2021年08月15日,10時,ソニープレイステーション 5 PS 5 ディスクコンソール送料無料,"82,399 円",82399,1,ソニー PS5 デジタルエディション コンソール-ホワイト,"64,272 円",64272,11,Nintendo Switch コンソールバンドル,"25,324 円",25324,9,Microsoft Xbox Series X 1TB Video Game Console Black - Big Bundle Boxed *mint*,"83,715 円",83715,4,Xbox seires s,"31,203 円",31203,7
2021年08月15日,11時,ソニー PS5 ブルーレイエディション コンソール-ホワイト,"79,103 円",79103,16,ソニー PS5 デジタルエディションコンソール-ホワイト + エクストラコントローラー,"76,906 円",76906,9,Nintendo Switch 32 GBグレーコンソール ネオンレッドとネオンブルージョイコン 素敵な形,"17,140 円",17140,19,Microsoft Xbox Series X 1TB Video Game Console Black - Big Bundle Boxed *mint*,"83,715 円",83715,4,Xbox seires s,"31,203 円",31203,7
2021年08月15日,12時,ソニー PlayStation 5 ディスクバージョン-判断ビデオゲームを含む,"67,018 円",67018,6,Sony PS5 Digital Edition Console - White,"69,363 円",69363,12,Nintendo Switch ネオンレッドとネオンブルージョイコン 3 ゲーム付き 32 GBグレーコンソール,"32,960 円",32960,1,Microsoft Xbox Series X 1TB Video Game Console Black - Big Bundle Boxed *mint*,"83,715 円",83715,4,Xbox seires s,"31,203 円",31203,7
2021年08月15日,13時,ソニー PlayStation 5 ディスクバージョン-判断ビデオゲームを含む,"67,018 円",67018,6,Sony PS5 Digital Edition Console - White,"69,363 円",69363,12,Nintendo Switch ゲーミングコンソール アニマルクロッシング スペシャルエディション 32GB 新品 V2,"27,027 円",27027,40,Microsoft Xbox Series X 1TB Video Game Console Black - Big Bundle Boxed *mint*,"83,715 円",83715,4,Xbox seires s,"31,203 円",31203,7
2021年08月15日,14時,Sony PlayStation 5 PS5 Console Disc Edition-BRAND NEW 🚚 FREE NEXT DAY DELIVERY,"77,626 円",77626,12,Sony PS5 Digital Edition Console - White,"69,363 円",69363,12,Nintendo Switch 32GB ネオンレッド/ネオンブルーコンソール,"31,422 円",31422,27,Microsoft Xbox Series X 1TB Video Game Console Black - Big Bundle Boxed *mint*,"83,715 円",83715,4,Xbox seires s,"31,203 円",31203,7
2021年08月15日,15時,Sony PlayStation 5 PS5 Console Disc Edition-BRAND NEW 🚚 FREE NEXT DAY DELIVERY,"77,626 円",77626,12,Sony PS5 Digital Edition Console - White,"69,363 円",69363,12,💥 BRAND NEW NINTENDO SWITCH FORTNITE SPECIAL EDITION (no code)💥,"33,486 円",33486,46,Microsoft Xbox Series X 1TB Video Game Console - Black,"73,973 円",73973,30,Xbox seires s,"31,203 円",31203,7
2021年08月15日,16時,Sony PS5 Blu-Ray Edition Console - White,"81,032 円",81032,18,Sony PS5 Digital Edition Console - White,"69,363 円",69363,12,Nintendo Switch Grey Console (Improved Battery),"28,159 円",28159,24,Microsoft Xbox Series X 1TB Video Game Console - Black,"73,973 円",73973,30,Xbox seires s,"31,203 円",31203,7
2021年08月15日,17時,IN HAND - SONY PS5 DISC BLURAY EDITION CONSOLE,"80,221 円",80221,17,Sony PS5 Digital Edition Console - White,"69,363 円",69363,12,Nintendo Switch Grey Console (Improved Battery),"28,159 円",28159,24,Microsoft Xbox Series X 1TB Video Game Console - Black,"73,973 円",73973,30,Xbox seires s,"31,203 円",31203,7
2021年08月15日,18時,Sony PS5 Blu-Ray Edition Console - White,"69,405 円",69405,7,Sony PS5 Digital Edition Console - White,"69,363 円",69363,12,Nintendo Switch Grey Console (Improved Battery),"28,159 円",28159,24,Microsoft Xbox Series X 1TB Video Game Console - Black,"73,973 円",73973,30,Xbox seires s,"31,203 円",31203,7
2021年08月15日,19時,Brand New Sony PlayStation 5 (PS5) Disc Edition Console With Receipt,"85,083 円",85083,3,"Sony PlayStation 5 PS5 Digital Edition Console - White, Brand New","60,883 円",60883,12,Nintendo Switch HAC-001 (-01) マリオレッド ＆ ブルーエディション - 32GB,"36,805 円",36805,15,Microsoft Xbox Series X 1TB Video Game Console - Black,"73,973 円",73973,30,Xbox seires s,"31,203 円",31203,7
2021年08月15日,20時,Sony PS5 PlayStation5 Disc Edition Console BRAND NEW UNOPENED - Next Day Ship 🚚,"83,715 円",83715,27,playstation 5 digital edition console,"60,883 円",60883,10,Nintendo Switch Console ネオンブルー ＆ レッドジョイコンブランド新品,"27,192 円",27192,13,Microsoft Xbox Series X 1TB Video Game Console - Black,"76,104 円",76104,31,Xbox seires s,"31,203 円",31203,7
2021年08月15日,21時,ソニー PS5 ブルーレイエディション コンソール - 2 倍コントローラー + コールドウォー,"80,202 円",80202,22,playstation 5 digital edition console,"60,883 円",60883,10,Nintendo Switch Grey Console (Improved Battery) *2 games and extras*,"28,920 円",28920,35,Microsoft Xbox Series X 1TB Video Game Console - Black,"76,104 円",76104,32,Xbox seires s,"31,203 円",31203,7
2021年08月15日,22時,ソニー PS5 ブルーレイディスクエディションコンソールバンドル エクストラコンター スパイダーマン ＆ レイチェット付き,"93,276 円",93276,1,Sony PS5 Digital Edition Console NEW & SEALED - ***In Hand***. ✅✅ 🚚🚚,"60,122 円",60122,46,Nintendo Switch Grey Console (Improved Battery) *2 games and extras*,"30,442 円",30442,36,Microsoft Xbox Series X 1TB Video Game Console - Black,"79,909 円",79909,33,Microsoft Xbox シリーズ Sコンソール,"24,445 円",24445,5
2021年08月15日,23時,ps5,"77,778 円",77778,28,PlayStation 5 PS5 Disc Edition Console - Brand New And Unopened,"79,148 円",79148,13,Nintendo Switch 32GB ネオンレッド/ネオンブルーコンソール,"23,072 円",23072,1,Microsoft Xbox Series X 1TB Video Game Console - Black,"71,538 円",71538,2,Microsoft Xbox シリーズ Sコンソール,"24,445 円",24445,5
2021年08月16日,00時,ソニー PS5 ブルーレイエディション コンソール-手持ちで発送可能,"84,597 円",84597,13,PlayStation 5 PS5 Disc Edition Console - Brand New And Unopened,"79,148 円",79148,13,Nintendo Switch 32GB ネオンレッド/ネオンブルーコンソール,"16,480 円",16480,5,Microsoft Xbox Series X 1TB Video Game Console - Black,"71,538 円",71538,2,Microsoft Xbox シリーズ Sコンソール,"24,445 円",24445,5
2021年08月16日,01時,ソニー PS5 ブルーレイエディション コンソール-ホワイト 。 Playstation 5 ディスクバージョン 。 在庫あり ！,"81,850 円",81850,15,ソニー Playstation 5 PS 5 デジタル版コンソール 新品無料発送,"75,258 円",75258,46,"Nintendo Switch 32GB Red/Blue Console, Silicone case and 64 gig SD card","21,973 円",21973,1,Microsoft Xbox Series X 1TB Video Game Console - Black,"84,323 円",84323,22,Microsoft Xbox シリーズ Sコンソール,"24,445 円",24445,5
2021年08月16日,02時,ソニー PS5 ブルーレイエディション コンソール-ホワイト,"80,312 円",80312,15,Sony PlayStation 5 PS5 Digital Edition,"63,927 円",63927,42,Nintendo Switch 32 GB Neon Blue and Red Console,"20,853 円",20853,3,Microsoft Xbox Series X 1TB Video Game Console - Black - BRAND NEW SEALED ,"77,626 円",77626,16,Microsoft Xbox シリーズ Sコンソール,"24,445 円",24445,5
2021年08月16日,03時,"Sony PS5 Blu-Ray Edition Console - White. Disc Edition. Brand New, Never Opened","69,864 円",69864,4,ソニー PlayStation 5 デジタルエディション,"73,296 円",73296,7,Nintendo Switch Grey Console And Games,"28,006 円",28006,13,Microsoft Xbox Series X 1TB Video Game Console - Black ✅✅✅,"82,421 円",82421,11,Microsoft Xbox シリーズ Sコンソール,"24,445 円",24445,5
2021年08月16日,04時,Sony Playstation 5 Disc Console Sealed Brand New In Box | FAST FREE DELIVERY |,"77,626 円",77626,18,ソニー PS5 デジタル版コンソール-新品未開封ボックス-Playstation 5 - 825 GB,"76,906 円",76906,15,Nintendo Switch Grey Console boxed bundle - Mario kart included 99p start,"29,302 円",29302,27,Microsoft Xbox Series X 1TB Video Game Console - Black ✅✅✅,"82,421 円",82421,11,Microsoft Xbox シリーズ Sコンソール,"24,445 円",24445,5
2021年08月16日,05時,Sony PlayStation 5 | PS5 Disc Edition Console - Brand New,"76,865 円",76865,4,ソニーブランド新しいプレイステーション 5 PS5 デジタルエディション同日発送!!! 🚀 🚀,"65,920 円",65920,19,Nintendo Switch Console Fortnite Edition V2 Improved Battery + Rayman Game Lot,"27,398 円",27398,27,Microsoft Xbox Series X 1TB Video Game Console - Black,"78,395 円",78395,7,Microsoft Xbox シリーズ Sコンソール,"24,445 円",24445,5
2021年08月16日,06時,ソニー PS5 ブルーレイエディション コンソール-ホワイト,"76,906 円",76906,9,ソニーブランド新しいプレイステーション 5 PS5 デジタルエディション同日発送!!! 🚀 🚀,"75,258 円",75258,24,Nintendo Switch 32 GBグレーコンソール ネオンブルー ＆ レッドジョイコンバンドル 3 ゲーム付き,"24,004 円",24004,23,* 新品未開封 * Microsoft XboxシリーズX 1 TBビデオゲームコンソールバンドル - 2 ゲーム,"74,269 円",74269,8,Microsoft Xbox シリーズ Sコンソール,"24,445 円",24445,5
2021年08月16日,07時,** 新品 ** ソニー PS5 ブルーレイエディションコンソール-ホワイト *** クイックシップ ***,"76,906 円",76906,1,ソニー PlayStation 5 （ PS 5 ） コンソール 4 kデジタルバージョン 〜 工場密封,"89,211 円",89211,31,Switch Console 1 DAY AUCTION NEXT DAY ROYAL MAIL SPECIAL DELIVERY,"29,984 円",29984,37,* 新品未開封 * Microsoft XboxシリーズX 1 TBビデオゲームコンソールバンドル - 2 ゲーム,"80,751 円",80751,11,Microsoft Xbox シリーズ Sコンソール,"24,445 円",24445,5
2021年08月16日,08時,ソニー PS5 GameStop ディスクバージョンバンドル,"83,498 円",83498,42,ソニー PS5 デジタルエディション コンソール-ホワイト,"70,314 円",70314,25,Nintendo Switch 32GB ネオンレッド/ネオンブルーコンソール,"17,304 円",17304,6,* 新品未開封 * Microsoft XboxシリーズX 1 TBビデオゲームコンソールバンドル - 2 ゲーム,"80,751 円",80751,11,Microsoft Xbox シリーズ Sコンソール,"25,269 円",25269,7
2021年08月16日,09時,ソニー PlayStation 5 コンソールディスクエディション （ 新品/未開封 ） - 即日発送,"82,619 円",82619,19,ソニー PS5 デジタル版コンソール-ホワイト-新品未開封ボックス-BestBuy 購入,"74,709 円",74709,14,Nintendo Switch 32GB ネオンレッド/ネオンブルーコンソール,"19,776 円",19776,7,* 新品未開封 * Microsoft XboxシリーズX 1 TBビデオゲームコンソールバンドル - 2 ゲーム,"82,399 円",82399,12,Microsoft Xbox シリーズ Sコンソール,"25,269 円",25269,7
2021年08月16日,10時,ソニー PlayStation 5 PS 5 ディスクエディションコンソール中古素晴らしい状態,"73,610 円",73610,3,ソニー PS5 デジタル版コンソール-ホワイト-手動-新品 - 発送準備ができています 〜,"73,610 円",73610,14,Nintendo Switchコンソール グレージョイコン ＆ 動物クロッシングニュー ・ ホライズン,"22,797 円",22797,6,* 新品未開封 * Microsoft XboxシリーズX 1 TBビデオゲームコンソールバンドル - 2 ゲーム,"82,399 円",82399,13,Microsoft Xbox シリーズ Sコンソール,"25,269 円",25269,7
2021年08月16日,11時,ソニー PS5 ブルーレイエディション コンソール-ホワイト,"81,301 円",81301,3,ソニー PS5 デジタル版コンソール-ホワイト-手動-新品 - 発送準備ができています 〜,"73,610 円",73610,14,Nintendo Switch 32GB Console + Mario Kart 8 Game,"29,982 円",29982,4,* 新品未開封 * Microsoft XboxシリーズX 1 TBビデオゲームコンソールバンドル - 2 ゲーム,"82,399 円",82399,13,Microsoft Xbox シリーズ Sコンソール,"25,269 円",25269,7
2021年08月16日,12時,PlayStation 5 ソニー PS5 ブルーレイ エディション コンソール ディスク + エクストラ デュアルセンス コントローラー,"89,541 円",89541,43,🚨 Sony PlayStation 5 PS5 ディスクエディションコンソールバンドルインハンドル 、 迅速発送!!! 🚨,"88,991 円",88991,31,Nintendo Switch 32GB ネオンレッド/ネオンブルーコンソール,"16,590 円",16590,14,* 新品未開封 * Microsoft XboxシリーズX 1 TBビデオゲームコンソールバンドル - 2 ゲーム,"82,399 円",82399,13,Microsoft Xbox シリーズ Sコンソール,"25,269 円",25269,7
2021年08月16日,13時,Sony PS5 Blu-Ray Edition Console - White,"79,411 円",79411,24,Sony PS5 Digital Edition Console - White,"66,972 円",66972,16,Nintendo Switch 32GB ネオンレッド/ネオンブルーコンソール,"25,819 円",25819,17,* 新品未開封 * Microsoft XboxシリーズX 1 TBビデオゲームコンソールバンドル - 2 ゲーム,"82,399 円",82399,13,Microsoft Xbox シリーズ Sコンソール,"25,269 円",25269,7
2021年08月16日,14時,ソニー Playstation 5 PS 5 コンソールディスクバージョン ** バンドル 発送 **,"94,375 円",94375,15,Sony PS5 Digital Edition Console - White,"66,972 円",66972,16,Nintendo Switch 32GB ネオンレッド/ネオンブルーコンソール,"41,749 円",41749,35,Microsoft Xbox Series X 1TB Video Game Console - Black,"91,325 円",91325,29,Microsoft Xbox シリーズ Sコンソール,"25,269 円",25269,7
2021年08月16日,15時,ソニー PS5 ブルーレイエディション コンソール-ホワイト,"76,906 円",76906,14,Sony PS5 Digital Edition Console - White,"66,972 円",66972,16,Nintendo Switch Black Handheld System Console ONLY *SPARES/REPAIRS*,"7,811 円",7811,6,Microsoft Xbox Series X 1TB Video Game Console - Black,"91,325 円",91325,29,Microsoft Xbox シリーズ Sコンソール,"25,269 円",25269,7
2021年08月16日,16時,playstation 5 console disc edition IN HAND READY,"73,060 円",73060,4,Sony PS5 Digital Edition Console - White,"66,972 円",66972,16,Nintendo Switch Black Handheld System Console ONLY *SPARES/REPAIRS*,"7,811 円",7811,6,Microsoft Xbox Series X 1TB Video Game Console - Black,"91,325 円",91325,29,Microsoft Xbox シリーズ Sコンソール,"25,269 円",25269,7
2021年08月16日,17時,playstation 5 console disc edition IN HAND READY,"73,060 円",73060,7,Sony PS5 Digital Edition Console - White,"56,317 円",56317,6,Nintendo Switch Black Handheld System Console ONLY *SPARES/REPAIRS*,"7,811 円",7811,6,Microsoft Xbox Series X 1TB Video Game Console - Black,"91,325 円",91325,29,Microsoft Xbox シリーズ Sコンソール,"25,269 円",25269,7
2021年08月16日,18時,✅playstation 5 console disc - With Extra Controller - Next day DPD delivery 🚚 ✅,"82,192 円",82192,48,Sony PS5 Digital Edition Console - With Extra Controller,"62,405 円",62405,26,Nintendo Switch Black Handheld System Console ONLY *SPARES/REPAIRS*,"7,811 円",7811,6,Microsoft Xbox Series X 1TB Video Game Console - Black,"91,325 円",91325,29,Microsoft Xbox シリーズ Sコンソール,"25,269 円",25269,7
2021年08月16日,19時,✅playstation 5 console disc - With Extra Controller - Next day DPD delivery 🚚 ✅,"86,797 円",86797,52,Sony PlayStation 5 Digital Edition Console,"56,317 円",56317,6,Nintendo Switch 32GB ネオンレッド/ネオンブルーコンソール エクストラ付き ！,"36,256 円",36256,22,Microsoft Xbox Series X 1TB Video Game Console - Black,"91,325 円",91325,29,Microsoft Xbox シリーズ Sコンソール,"25,269 円",25269,7
2021年08月16日,20時,✅playstation 5 console disc - With Extra Controller - Next day DPD delivery 🚚 ✅,"86,797 円",86797,52,Sony PS5 Digital Edition - With Receipt,"66,446 円",66446,15,Nintendo Switch 32GB ネオンレッド/ネオンブルーコンソール エクストラ付き ！,"36,256 円",36256,22,Brand New Microsoft Xbox Series X 1TB Video Game Console - Black AUS Seller,"77,790 円",77790,14,Microsoft Xbox シリーズ Sコンソール,"25,269 円",25269,7
2021年08月16日,21時,Sony PS5 Disc Edition Console - White & Additional Controller - New And Unopened,"85,237 円",85237,2,Sony PS5 Digital Edition - With Receipt,"66,446 円",66446,15,Nintendo Switch 32GB ネオンレッド/ネオンブルーコンソール エクストラ付き ！,"36,256 円",36256,22,Brand New Microsoft Xbox Series X 1TB Video Game Console - Black AUS Seller,"77,790 円",77790,14,Microsoft Xbox シリーズ Sコンソール,"25,269 円",25269,7
2021年08月16日,22時,ソニー PS5 ブルーレイエディション コンソール-ホワイト,"81,301 円",81301,5,Sony PS5 Digital Edition - With Receipt,"66,446 円",66446,15,Nintendo Switch 32GB ネオンレッド/ネオンブルーコンソール エクストラ付き ！,"36,256 円",36256,22,Brand New Microsoft Xbox Series X 1TB Video Game Console - Black AUS Seller,"77,790 円",77790,14,Microsoft Xbox シリーズ Sコンソール,"25,269 円",25269,7
2021年08月16日,23時,ソニー PS5 ブルーレイエディション コンソール-ホワイト,"76,357 円",76357,18,Sony PS5 Digital Edition - With Receipt,"66,446 円",66446,15,Nintendo Switch 32GB ネオンレッド/ネオンブルーコンソール エクストラ付き ！,"36,256 円",36256,22,Brand New Microsoft Xbox Series X 1TB Video Game Console - Black AUS Seller,"77,790 円",77790,14,Microsoft Xbox シリーズ Sコンソール,"27,192 円",27192,9
2021年08月17日,00時,ソニー PlayStation PS5 ブルーレイ （ ディスク ） エディションコンソール新品 手作り,"82,729 円",82729,12,ソニー PS5 デジタルエディション コンソール-ホワイト,"65,920 円",65920,16,Nintendo Switch Grey Console (Improved Battery) Boxed Including Minecraft & Case,"26,636 円",26636,9,NBA 2 K 21 付き新品XboxシリーズX 、 コールオブデューティBLK OPS 、 アサシンクリードオデッセイ,"83,498 円",83498,12,Xbox series s Used With Two Controllers,"26,789 円",26789,19
2021年08月17日,01時,ソニー新品 ！ PLAYSTATION 5 PS 5 ディスクコンソール MARVEL's AVENGERS. 同日発送,"80,202 円",80202,24,ソニー新品 ！ PLAYSTATION 5 PS 5 ディスクコンソール MARVEL's AVENGERS. 同日発送,"80,202 円",80202,24,アニマルクロッシング ： New Horizons Limited Edition Nintendo Switch コンソールバンドル,"23,347 円",23347,7,NBA 2 K 21 付き新品XboxシリーズX 、 コールオブデューティBLK OPS 、 アサシンクリードオデッセイ,"83,498 円",83498,12,Xbox series s Used With Two Controllers,"26,789 円",26789,19
2021年08月17日,02時,ps 5 console ,"57,839 円",57839,30,バンドル PlayStation 5 デジタルエディションコントローラー 、 1 年PS + 、 50 PSストア 、 + $20 PS5,"78,005 円",78005,47,Nintendo Switch （ 2017 年モデル ） バンドル,"33,509 円",33509,11,NBA 2 K 21 付き新品XboxシリーズX 、 コールオブデューティBLK OPS 、 アサシンクリードオデッセイ,"81,301 円",81301,10,Xbox series s Used With Two Controllers,"26,789 円",26789,19
2021年08月17日,03時,ソニー PS5 ブルーレイエディション コンソール-ホワイト,"76,906 円",76906,2,Sony PS5 Digital Edition Console - White Brand New Sealed Free shipping,"66,972 円",66972,32,🔥 新動物クロッシング: 新ホライズン限定版 🔥 Nintendo Switchコンソール 🔥,"29,774 円",29774,12,NBA 2 K 21 付き新品XboxシリーズX 、 コールオブデューティBLK OPS 、 アサシンクリードオデッセイ,"86,794 円",86794,17,Xbox series s Used With Two Controllers,"26,789 円",26789,19
2021年08月17日,04時,ソニー PS5 ブルーレイエディション コンソール 手持ち 新品 同日発送,"83,498 円",83498,11,ソニー 新品 プレイステーション 5 PS5 ディスクコンソール サクボーイGM同日発送 🚀,"75,808 円",75808,7,Nintendo Switch Neon Blue and Red Console Great Condition,"21,309 円",21309,1,Microsoft Xbox Series X 1TB Video Game Console - Black,"79,301 円",79301,7,Xbox series s Used With Two Controllers,"26,789 円",26789,19
2021年08月17日,05時,Sony PS5 Blu-Ray Edition Console - White,"76,865 円",76865,33,ソニー PS5 PlayStation 5 デジタルエディションコンソール-新品 ＆ 密封,"76,906 円",76906,5,Nintendo Switch 32GB Video Game Console - Black HAC-001,"10,350 円",10350,27,Microsoft Xbox Series X 1TB Video Game Console - Black,"79,301 円",79301,7,Xbox series s Used With Two Controllers,"27,667 円",27667,21
2021年08月17日,06時,ソニーPS 5 ブルーレイエディションコンソール-ホワイトシール (手中) ディスク 🔥 🔥 🔥,"81,301 円",81301,40,ソニー PS5 ディスクエディションコンソール-ホワイト,"78,005 円",78005,25,Nintendo Switch 32GB Neon Blue and Red Console Good Condition (Read Description),"24,353 円",24353,3,Microsoft Xbox Series X 1TB Video Game Console - Black,"79,301 円",79301,7,Xbox series s Used With Two Controllers,"27,667 円",27667,21
2021年08月17日,07時,ソニー Playstation 5 PS 5 ディスク版工場密封,"85,146 円",85146,9,ソニー PS5 デジタルエディションコンソールバンドル （ 新品 ）,"78,005 円",78005,7,Nintendo Switch 32 GBコンソール-ネオンレッド/ネオンブルージョイコン,"31,312 円",31312,16,Microsoft Xbox Series X 1TB Video Game Console - Black,"79,301 円",79301,7,Xbox series s Used With Two Controllers,"27,667 円",27667,21
2021年08月17日,08時,Sony PS5 Blu-Ray Edition Console - White PLUS second controller,"91,161 円",91161,22,ソニー PS5 デジタルエディションコンソール 、 新品 、 未開封 、 追加コントローラ付き,"79,103 円",79103,5,Nintendo Switch-アニマルクロッシングニューホライズンスペシャルエディション 未使用,"28,016 円",28016,21,Microsoft Xbox Series X 1TB Video Game Console - Black,"79,301 円",79301,7,Xbox series s Used With Two Controllers,"28,107 円",28107,22
2021年08月17日,09時,PS5 PSVR 、 PULSE 3 Dヘッドセット 、 コントローラドック 、 モーションコントローラ付き,"72,512 円",72512,43,Sony PS5 Digital Edition Console - White,"60,883 円",60883,13,Nintendo Switch-アニマルクロッシングニューホライズンスペシャルエディション 未使用,"28,016 円",28016,21,Microsoft Xbox Series X 1TB Video Game Console - Black,"79,301 円",79301,7,Xbox series s Used With Two Controllers,"28,107 円",28107,22
2021年08月17日,10時,新品 未開封 ソニー PS5 ディスクエディションコンソール-手元にあり 、 すぐに出荷できます,"79,982 円",79982,19,ソニー PS5 デジタルエディション コンソール-ホワイト 速い発送,"69,216 円",69216,13,Nintendo Switch 32GB ネオンレッド/ネオンブルーコンソール,"19,227 円",19227,8,Microsoft Xbox Series X 1TB Video Game Console - Black,"79,301 円",79301,7,Microsoft Xbox Series S 512GB ビデオゲームコンソール-ホワイト - 2TB シーゲイトハードライブ,"28,016 円",28016,2
